-- phpMyAdmin SQL Dump
-- version 3.5.1
-- http://www.phpmyadmin.net
--
-- Host: 192.168.2.2:3306
-- Generation Time: Sep 22, 2020 at 02:21 AM
-- Server version: 5.5.24-log
-- PHP Version: 5.4.3

SET SQL_MODE="NO_AUTO_VALUE_ON_ZERO";
SET time_zone = "+00:00";


/*!40101 SET @OLD_CHARACTER_SET_CLIENT=@@CHARACTER_SET_CLIENT */;
/*!40101 SET @OLD_CHARACTER_SET_RESULTS=@@CHARACTER_SET_RESULTS */;
/*!40101 SET @OLD_COLLATION_CONNECTION=@@COLLATION_CONNECTION */;
/*!40101 SET NAMES utf8 */;

--
-- Database: `toolsdb`
--

-- --------------------------------------------------------

--
-- Table structure for table `accountabilities`
--

CREATE TABLE IF NOT EXISTS `accountabilities` (
  `id` int(11) NOT NULL,
  `person_id` int(11) NOT NULL,
  `asset_id` int(11) NOT NULL,
  `quantity` int(11) NOT NULL,
  `barcode` varchar(100) NOT NULL,
  PRIMARY KEY (`id`)
) ENGINE=InnoDB DEFAULT CHARSET=latin1;

-- --------------------------------------------------------

--
-- Table structure for table `asset`
--

CREATE TABLE IF NOT EXISTS `asset` (
  `id` int(11) NOT NULL AUTO_INCREMENT,
  `description` varchar(250) NOT NULL,
  `specs` varchar(100) NOT NULL,
  `project` int(11) NOT NULL,
  `category` int(11) NOT NULL,
  `code` varchar(30) NOT NULL,
  `trade` int(11) NOT NULL,
  `brand` varchar(50) NOT NULL,
  `barcode` varchar(100) NOT NULL,
  `quantity` int(11) DEFAULT NULL,
  `price` double DEFAULT NULL,
  `date_warranty` varchar(50) NOT NULL,
  `serial` varchar(100) DEFAULT NULL,
  `model` varchar(50) NOT NULL,
  `tool_condition` varchar(50) NOT NULL,
  `assign` int(11) NOT NULL,
  `date_transfer` datetime NOT NULL,
  `image` varchar(500) DEFAULT NULL,
  `notes` varchar(500) DEFAULT NULL,
  `status` int(11) NOT NULL,
  PRIMARY KEY (`id`),
  UNIQUE KEY `id` (`id`)
) ENGINE=InnoDB  DEFAULT CHARSET=latin1 AUTO_INCREMENT=3 ;

--
-- Dumping data for table `asset`
--

INSERT INTO `asset` (`id`, `description`, `specs`, `project`, `category`, `code`, `trade`, `brand`, `barcode`, `quantity`, `price`, `date_warranty`, `serial`, `model`, `tool_condition`, `assign`, `date_transfer`, `image`, `notes`, `status`) VALUES
(1, 'thermal scanner', 'multi-reader', 37, 12, 'PPO-12-0001', 2, 'Fluke', '22984924923', 1, 0, '1970-01-01 08:00:00', '48284389', 'AM-004', 'In Storage', 1, '2019-10-03 00:00:00', NULL, '', 1),
(2, 'Rotary Hammer drill', '', 12, 4, 'PSS-04-0001', 5, 'HILTI', '', 1, 0, '2021-11-24 00:00:00', '01245887', 'DX-900S', 'Functional', 1, '2020-09-18 00:00:00', NULL, '', 1);

-- --------------------------------------------------------

--
-- Table structure for table `department`
--

CREATE TABLE IF NOT EXISTS `department` (
  `id` int(11) NOT NULL AUTO_INCREMENT,
  `department` varchar(80) NOT NULL,
  `status` int(11) NOT NULL,
  PRIMARY KEY (`id`)
) ENGINE=InnoDB  DEFAULT CHARSET=latin1 AUTO_INCREMENT=7 ;

--
-- Dumping data for table `department`
--

INSERT INTO `department` (`id`, `department`, `status`) VALUES
(1, 'Mechanical', 1),
(2, 'Electrical', 1),
(3, 'Plumbing', 1),
(4, 'Fire Protection', 1),
(5, 'Civil and Architectural', 1),
(6, 'Sanitation', 1);

-- --------------------------------------------------------

--
-- Table structure for table `location`
--

CREATE TABLE IF NOT EXISTS `location` (
  `id` int(11) NOT NULL,
  `location` varchar(80) NOT NULL,
  `code` varchar(10) NOT NULL,
  `status` int(11) NOT NULL,
  PRIMARY KEY (`id`)
) ENGINE=InnoDB DEFAULT CHARSET=latin1;

--
-- Dumping data for table `location`
--

INSERT INTO `location` (`id`, `location`, `code`, `status`) VALUES
(1, 'Universal (General)', '000', 1),
(2, 'Altaire', 'PAL', 1),
(3, 'Angeles', 'PAN', 1),
(4, 'Batangas Warehouse', 'PBW', 1),
(5, 'Calipha', 'PCL', 1),
(6, 'Cagayan de Oro Residences', 'PCG', 1),
(7, 'Cavite Warehouse', 'PCW', 1),
(8, 'Fluor Corp Center (Orion)', 'PFC', 1),
(9, 'Harmonis Carcar', 'PHC', 1),
(10, 'Serenis North', 'PSN', 1),
(11, 'Serenis Plains', 'PSP', 1),
(12, 'Serenis South', 'PSS', 1),
(13, 'The Median', 'PM1', 1),
(14, 'The Median 2', 'PM2', 1),
(15, 'Two Montage', 'P2M', 1),
(16, 'Fit-Out - Savvy Sherpa', 'F01', 1),
(17, 'Fit-Out - Fluor 5/f', 'F02', 1),
(18, 'Fit-Out - Fluor 12/f', 'F03', 1),
(19, 'Fit-Out - Hikay SM', 'F04', 1),
(20, 'Fit-Out - Calyx Penthouse', 'F05', 1),
(21, 'Fit-Out - The Median Showroom', 'F06', 1),
(22, 'Fit-Out - Ma. Luisa', 'F07', 1),
(23, 'Fit-Out - Calyx Plug-n-Play', 'F08', 1),
(24, 'Fit-Out - TGU Plug-n-Play', 'F09', 1),
(25, 'Fit-Out - Link Plug-n-Play', 'F10', 1),
(26, 'Fit-Out - CalCen 1201W', 'F11', 1),
(27, 'Fit-Out - CalCen 1901W', 'F12', 1),
(28, 'Fit-Out - CalCen 2101W', 'F13', 1),
(29, 'Fit-Out - CalCen 2301W', 'F14', 1),
(30, 'Fit-Out - CalCen 2401W', 'F15', 1),
(31, 'Fit-Out - CalRes 09D', 'F16', 1),
(32, 'Fit-Out - CalRes 18LM', 'F17', 1),
(33, 'Fit-Out - CalRes 22FG', 'F18', 1),
(34, 'Fit-Out - CalRes 26A', 'F19', 1),
(35, 'Plug-n-Play - Aeon 6f', 'P01', 1),
(36, 'Plug-n-Play - Aeon 10f', 'P02', 1),
(37, 'Aeon Center', 'PAC', 1),
(38, 'Polaris Corp. Center', 'PPO', 1),
(39, 'Capella', 'PCP', 1),
(40, 'Polaris', 'PPO', 1),
(41, 'Polaris', 'PPO', 0);

-- --------------------------------------------------------

--
-- Table structure for table `logs`
--

CREATE TABLE IF NOT EXISTS `logs` (
  `id` int(11) NOT NULL AUTO_INCREMENT,
  `loc_id` varchar(11) NOT NULL,
  `type_id` int(11) NOT NULL,
  `series_no` int(11) NOT NULL,
  `status` int(11) NOT NULL,
  UNIQUE KEY `id` (`id`)
) ENGINE=InnoDB  DEFAULT CHARSET=latin1 AUTO_INCREMENT=625 ;

--
-- Dumping data for table `logs`
--

INSERT INTO `logs` (`id`, `loc_id`, `type_id`, `series_no`, `status`) VALUES
(1, '1', 1, 0, 1),
(2, '1', 2, 0, 1),
(3, '1', 3, 0, 1),
(4, '1', 4, 0, 1),
(5, '1', 5, 0, 1),
(6, '1', 6, 0, 1),
(7, '1', 7, 0, 1),
(8, '1', 8, 0, 1),
(9, '1', 9, 0, 1),
(10, '1', 10, 0, 1),
(11, '1', 11, 0, 1),
(12, '1', 12, 0, 1),
(13, '1', 13, 0, 1),
(14, '1', 14, 0, 1),
(15, '1', 15, 0, 1),
(16, '1', 16, 0, 1),
(17, '2', 1, 0, 1),
(18, '2', 2, 0, 1),
(19, '2', 3, 0, 1),
(20, '2', 4, 0, 1),
(21, '2', 5, 0, 1),
(22, '2', 6, 0, 1),
(23, '2', 7, 0, 1),
(24, '2', 8, 0, 1),
(25, '2', 9, 0, 1),
(26, '2', 10, 0, 1),
(27, '2', 11, 0, 1),
(28, '2', 12, 0, 1),
(29, '2', 13, 0, 1),
(30, '2', 14, 0, 1),
(31, '2', 15, 0, 1),
(32, '2', 16, 0, 1),
(33, '3', 1, 0, 1),
(34, '3', 2, 0, 1),
(35, '3', 3, 0, 1),
(36, '3', 4, 0, 1),
(37, '3', 5, 0, 1),
(38, '3', 6, 0, 1),
(39, '3', 7, 0, 1),
(40, '3', 8, 0, 1),
(41, '3', 9, 0, 1),
(42, '3', 10, 0, 1),
(43, '3', 11, 0, 1),
(44, '3', 12, 0, 1),
(45, '3', 13, 0, 1),
(46, '3', 14, 0, 1),
(47, '3', 15, 0, 1),
(48, '3', 16, 0, 1),
(49, '4', 1, 0, 1),
(50, '4', 2, 0, 1),
(51, '4', 3, 0, 1),
(52, '4', 4, 0, 1),
(53, '4', 5, 0, 1),
(54, '4', 6, 0, 1),
(55, '4', 7, 0, 1),
(56, '4', 8, 0, 1),
(57, '4', 9, 0, 1),
(58, '4', 10, 0, 1),
(59, '4', 11, 0, 1),
(60, '4', 12, 0, 1),
(61, '4', 13, 0, 1),
(62, '4', 14, 0, 1),
(63, '4', 15, 0, 1),
(64, '4', 16, 0, 1),
(65, '5', 1, 0, 1),
(66, '5', 2, 0, 1),
(67, '5', 3, 0, 1),
(68, '5', 4, 0, 1),
(69, '5', 5, 0, 1),
(70, '5', 6, 0, 1),
(71, '5', 7, 0, 1),
(72, '5', 8, 0, 1),
(73, '5', 9, 0, 1),
(74, '5', 10, 0, 1),
(75, '5', 11, 0, 1),
(76, '5', 12, 0, 1),
(77, '5', 13, 0, 1),
(78, '5', 14, 0, 1),
(79, '5', 15, 0, 1),
(80, '5', 16, 0, 1),
(81, '6', 1, 0, 1),
(82, '6', 2, 0, 1),
(83, '6', 3, 0, 1),
(84, '6', 4, 0, 1),
(85, '6', 5, 0, 1),
(86, '6', 6, 0, 1),
(87, '6', 7, 0, 1),
(88, '6', 8, 0, 1),
(89, '6', 9, 0, 1),
(90, '6', 10, 0, 1),
(91, '6', 11, 0, 1),
(92, '6', 12, 0, 1),
(93, '6', 13, 0, 1),
(94, '6', 14, 0, 1),
(95, '6', 15, 0, 1),
(96, '6', 16, 0, 1),
(97, '7', 1, 0, 1),
(98, '7', 2, 0, 1),
(99, '7', 3, 0, 1),
(100, '7', 4, 0, 1),
(101, '7', 5, 0, 1),
(102, '7', 6, 0, 1),
(103, '7', 7, 0, 1),
(104, '7', 8, 0, 1),
(105, '7', 9, 0, 1),
(106, '7', 10, 0, 1),
(107, '7', 11, 0, 1),
(108, '7', 12, 0, 1),
(109, '7', 13, 0, 1),
(110, '7', 14, 0, 1),
(111, '7', 15, 0, 1),
(112, '7', 16, 0, 1),
(113, '8', 1, 0, 1),
(114, '8', 2, 0, 1),
(115, '8', 3, 0, 1),
(116, '8', 4, 0, 1),
(117, '8', 5, 0, 1),
(118, '8', 6, 0, 1),
(119, '8', 7, 0, 1),
(120, '8', 8, 0, 1),
(121, '8', 9, 0, 1),
(122, '8', 10, 0, 1),
(123, '8', 11, 0, 1),
(124, '8', 12, 0, 1),
(125, '8', 13, 0, 1),
(126, '8', 14, 0, 1),
(127, '8', 15, 0, 1),
(128, '8', 16, 0, 1),
(129, '9', 1, 0, 1),
(130, '9', 2, 0, 1),
(131, '9', 3, 0, 1),
(132, '9', 4, 0, 1),
(133, '9', 5, 0, 1),
(134, '9', 6, 0, 1),
(135, '9', 7, 0, 1),
(136, '9', 8, 0, 1),
(137, '9', 9, 0, 1),
(138, '9', 10, 0, 1),
(139, '9', 11, 0, 1),
(140, '9', 12, 0, 1),
(141, '9', 13, 0, 1),
(142, '9', 14, 0, 1),
(143, '9', 15, 0, 1),
(144, '9', 16, 0, 1),
(145, '10', 1, 0, 1),
(146, '10', 2, 0, 1),
(147, '10', 3, 0, 1),
(148, '10', 4, 0, 1),
(149, '10', 5, 0, 1),
(150, '10', 6, 0, 1),
(151, '10', 7, 0, 1),
(152, '10', 8, 0, 1),
(153, '10', 9, 0, 1),
(154, '10', 10, 0, 1),
(155, '10', 11, 0, 1),
(156, '10', 12, 0, 1),
(157, '10', 13, 0, 1),
(158, '10', 14, 0, 1),
(159, '10', 15, 0, 1),
(160, '10', 16, 0, 1),
(161, '11', 1, 0, 1),
(162, '11', 2, 0, 1),
(163, '11', 3, 0, 1),
(164, '11', 4, 0, 1),
(165, '11', 5, 0, 1),
(166, '11', 6, 0, 1),
(167, '11', 7, 0, 1),
(168, '11', 8, 0, 1),
(169, '11', 9, 0, 1),
(170, '11', 10, 0, 1),
(171, '11', 11, 0, 1),
(172, '11', 12, 0, 1),
(173, '11', 13, 0, 1),
(174, '11', 14, 0, 1),
(175, '11', 15, 0, 1),
(176, '11', 16, 0, 1),
(177, '12', 1, 0, 1),
(178, '12', 2, 0, 1),
(179, '12', 3, 0, 1),
(180, '12', 4, 1, 1),
(181, '12', 5, 0, 1),
(182, '12', 6, 0, 1),
(183, '12', 7, 0, 1),
(184, '12', 8, 0, 1),
(185, '12', 9, 0, 1),
(186, '12', 10, 0, 1),
(187, '12', 11, 0, 1),
(188, '12', 12, 0, 1),
(189, '12', 13, 0, 1),
(190, '12', 14, 0, 1),
(191, '12', 15, 0, 1),
(192, '12', 16, 0, 1),
(193, '13', 1, 0, 1),
(194, '13', 2, 0, 1),
(195, '13', 3, 0, 1),
(196, '13', 4, 0, 1),
(197, '13', 5, 0, 1),
(198, '13', 6, 0, 1),
(199, '13', 7, 0, 1),
(200, '13', 8, 0, 1),
(201, '13', 9, 0, 1),
(202, '13', 10, 0, 1),
(203, '13', 11, 0, 1),
(204, '13', 12, 0, 1),
(205, '13', 13, 0, 1),
(206, '13', 14, 0, 1),
(207, '13', 15, 0, 1),
(208, '13', 16, 0, 1),
(209, '14', 1, 0, 1),
(210, '14', 2, 0, 1),
(211, '14', 3, 0, 1),
(212, '14', 4, 0, 1),
(213, '14', 5, 0, 1),
(214, '14', 6, 0, 1),
(215, '14', 7, 0, 1),
(216, '14', 8, 0, 1),
(217, '14', 9, 0, 1),
(218, '14', 10, 0, 1),
(219, '14', 11, 0, 1),
(220, '14', 12, 0, 1),
(221, '14', 13, 0, 1),
(222, '14', 14, 0, 1),
(223, '14', 15, 0, 1),
(224, '14', 16, 0, 1),
(225, '15', 1, 0, 1),
(226, '15', 2, 0, 1),
(227, '15', 3, 0, 1),
(228, '15', 4, 0, 1),
(229, '15', 5, 0, 1),
(230, '15', 6, 0, 1),
(231, '15', 7, 0, 1),
(232, '15', 8, 0, 1),
(233, '15', 9, 0, 1),
(234, '15', 10, 0, 1),
(235, '15', 11, 0, 1),
(236, '15', 12, 0, 1),
(237, '15', 13, 0, 1),
(238, '15', 14, 0, 1),
(239, '15', 15, 0, 1),
(240, '15', 16, 0, 1),
(241, '16', 1, 0, 1),
(242, '16', 2, 0, 1),
(243, '16', 3, 0, 1),
(244, '16', 4, 0, 1),
(245, '16', 5, 0, 1),
(246, '16', 6, 0, 1),
(247, '16', 7, 0, 1),
(248, '16', 8, 0, 1),
(249, '16', 9, 0, 1),
(250, '16', 10, 0, 1),
(251, '16', 11, 0, 1),
(252, '16', 12, 0, 1),
(253, '16', 13, 0, 1),
(254, '16', 14, 0, 1),
(255, '16', 15, 0, 1),
(256, '16', 16, 0, 1),
(257, '17', 1, 0, 1),
(258, '17', 2, 0, 1),
(259, '17', 3, 0, 1),
(260, '17', 4, 0, 1),
(261, '17', 5, 0, 1),
(262, '17', 6, 0, 1),
(263, '17', 7, 0, 1),
(264, '17', 8, 0, 1),
(265, '17', 9, 0, 1),
(266, '17', 10, 0, 1),
(267, '17', 11, 0, 1),
(268, '17', 12, 0, 1),
(269, '17', 13, 0, 1),
(270, '17', 14, 0, 1),
(271, '17', 15, 0, 1),
(272, '17', 16, 0, 1),
(273, '18', 1, 0, 1),
(274, '18', 2, 0, 1),
(275, '18', 3, 0, 1),
(276, '18', 4, 0, 1),
(277, '18', 5, 0, 1),
(278, '18', 6, 0, 1),
(279, '18', 7, 0, 1),
(280, '18', 8, 0, 1),
(281, '18', 9, 0, 1),
(282, '18', 10, 0, 1),
(283, '18', 11, 0, 1),
(284, '18', 12, 0, 1),
(285, '18', 13, 0, 1),
(286, '18', 14, 0, 1),
(287, '18', 15, 0, 1),
(288, '18', 16, 0, 1),
(289, '19', 1, 0, 1),
(290, '19', 2, 0, 1),
(291, '19', 3, 0, 1),
(292, '19', 4, 0, 1),
(293, '19', 5, 0, 1),
(294, '19', 6, 0, 1),
(295, '19', 7, 0, 1),
(296, '19', 8, 0, 1),
(297, '19', 9, 0, 1),
(298, '19', 10, 0, 1),
(299, '19', 11, 0, 1),
(300, '19', 12, 0, 1),
(301, '19', 13, 0, 1),
(302, '19', 14, 0, 1),
(303, '19', 15, 0, 1),
(304, '19', 16, 0, 1),
(305, '20', 1, 0, 1),
(306, '20', 2, 0, 1),
(307, '20', 3, 0, 1),
(308, '20', 4, 0, 1),
(309, '20', 5, 0, 1),
(310, '20', 6, 0, 1),
(311, '20', 7, 0, 1),
(312, '20', 8, 0, 1),
(313, '20', 9, 0, 1),
(314, '20', 10, 0, 1),
(315, '20', 11, 0, 1),
(316, '20', 12, 0, 1),
(317, '20', 13, 0, 1),
(318, '20', 14, 0, 1),
(319, '20', 15, 0, 1),
(320, '20', 16, 0, 1),
(321, '21', 1, 0, 1),
(322, '21', 2, 0, 1),
(323, '21', 3, 0, 1),
(324, '21', 4, 0, 1),
(325, '21', 5, 0, 1),
(326, '21', 6, 0, 1),
(327, '21', 7, 0, 1),
(328, '21', 8, 0, 1),
(329, '21', 9, 0, 1),
(330, '21', 10, 0, 1),
(331, '21', 11, 0, 1),
(332, '21', 12, 0, 1),
(333, '21', 13, 0, 1),
(334, '21', 14, 0, 1),
(335, '21', 15, 0, 1),
(336, '21', 16, 0, 1),
(337, '22', 1, 0, 1),
(338, '22', 2, 0, 1),
(339, '22', 3, 0, 1),
(340, '22', 4, 0, 1),
(341, '22', 5, 0, 1),
(342, '22', 6, 0, 1),
(343, '22', 7, 0, 1),
(344, '22', 8, 0, 1),
(345, '22', 9, 0, 1),
(346, '22', 10, 0, 1),
(347, '22', 11, 0, 1),
(348, '22', 12, 0, 1),
(349, '22', 13, 0, 1),
(350, '22', 14, 0, 1),
(351, '22', 15, 0, 1),
(352, '22', 16, 0, 1),
(353, '23', 1, 0, 1),
(354, '23', 2, 0, 1),
(355, '23', 3, 0, 1),
(356, '23', 4, 0, 1),
(357, '23', 5, 0, 1),
(358, '23', 6, 0, 1),
(359, '23', 7, 0, 1),
(360, '23', 8, 0, 1),
(361, '23', 9, 0, 1),
(362, '23', 10, 0, 1),
(363, '23', 11, 0, 1),
(364, '23', 12, 0, 1),
(365, '23', 13, 0, 1),
(366, '23', 14, 0, 1),
(367, '23', 15, 0, 1),
(368, '23', 16, 0, 1),
(369, '24', 1, 0, 1),
(370, '24', 2, 0, 1),
(371, '24', 3, 0, 1),
(372, '24', 4, 0, 1),
(373, '24', 5, 0, 1),
(374, '24', 6, 0, 1),
(375, '24', 7, 0, 1),
(376, '24', 8, 0, 1),
(377, '24', 9, 0, 1),
(378, '24', 10, 0, 1),
(379, '24', 11, 0, 1),
(380, '24', 12, 0, 1),
(381, '24', 13, 0, 1),
(382, '24', 14, 0, 1),
(383, '24', 15, 0, 1),
(384, '24', 16, 0, 1),
(385, '25', 1, 0, 1),
(386, '25', 2, 0, 1),
(387, '25', 3, 0, 1),
(388, '25', 4, 0, 1),
(389, '25', 5, 0, 1),
(390, '25', 6, 0, 1),
(391, '25', 7, 0, 1),
(392, '25', 8, 0, 1),
(393, '25', 9, 0, 1),
(394, '25', 10, 0, 1),
(395, '25', 11, 0, 1),
(396, '25', 12, 0, 1),
(397, '25', 13, 0, 1),
(398, '25', 14, 0, 1),
(399, '25', 15, 0, 1),
(400, '25', 16, 0, 1),
(401, '26', 1, 0, 1),
(402, '26', 2, 0, 1),
(403, '26', 3, 0, 1),
(404, '26', 4, 0, 1),
(405, '26', 5, 0, 1),
(406, '26', 6, 0, 1),
(407, '26', 7, 0, 1),
(408, '26', 8, 0, 1),
(409, '26', 9, 0, 1),
(410, '26', 10, 0, 1),
(411, '26', 11, 0, 1),
(412, '26', 12, 0, 1),
(413, '26', 13, 0, 1),
(414, '26', 14, 0, 1),
(415, '26', 15, 0, 1),
(416, '26', 16, 0, 1),
(417, '27', 1, 0, 1),
(418, '27', 2, 0, 1),
(419, '27', 3, 0, 1),
(420, '27', 4, 0, 1),
(421, '27', 5, 0, 1),
(422, '27', 6, 0, 1),
(423, '27', 7, 0, 1),
(424, '27', 8, 0, 1),
(425, '27', 9, 0, 1),
(426, '27', 10, 0, 1),
(427, '27', 11, 0, 1),
(428, '27', 12, 0, 1),
(429, '27', 13, 0, 1),
(430, '27', 14, 0, 1),
(431, '27', 15, 0, 1),
(432, '27', 16, 0, 1),
(433, '28', 1, 0, 1),
(434, '28', 2, 0, 1),
(435, '28', 3, 0, 1),
(436, '28', 4, 0, 1),
(437, '28', 5, 0, 1),
(438, '28', 6, 0, 1),
(439, '28', 7, 0, 1),
(440, '28', 8, 0, 1),
(441, '28', 9, 0, 1),
(442, '28', 10, 0, 1),
(443, '28', 11, 0, 1),
(444, '28', 12, 0, 1),
(445, '28', 13, 0, 1),
(446, '28', 14, 0, 1),
(447, '28', 15, 0, 1),
(448, '28', 16, 0, 1),
(449, '29', 1, 0, 1),
(450, '29', 2, 0, 1),
(451, '29', 3, 0, 1),
(452, '29', 4, 0, 1),
(453, '29', 5, 0, 1),
(454, '29', 6, 0, 1),
(455, '29', 7, 0, 1),
(456, '29', 8, 0, 1),
(457, '29', 9, 0, 1),
(458, '29', 10, 0, 1),
(459, '29', 11, 0, 1),
(460, '29', 12, 0, 1),
(461, '29', 13, 0, 1),
(462, '29', 14, 0, 1),
(463, '29', 15, 0, 1),
(464, '29', 16, 0, 1),
(465, '30', 1, 0, 1),
(466, '30', 2, 0, 1),
(467, '30', 3, 0, 1),
(468, '30', 4, 0, 1),
(469, '30', 5, 0, 1),
(470, '30', 6, 0, 1),
(471, '30', 7, 0, 1),
(472, '30', 8, 0, 1),
(473, '30', 9, 0, 1),
(474, '30', 10, 0, 1),
(475, '30', 11, 0, 1),
(476, '30', 12, 0, 1),
(477, '30', 13, 0, 1),
(478, '30', 14, 0, 1),
(479, '30', 15, 0, 1),
(480, '30', 16, 0, 1),
(481, '31', 1, 0, 1),
(482, '31', 2, 0, 1),
(483, '31', 3, 0, 1),
(484, '31', 4, 0, 1),
(485, '31', 5, 0, 1),
(486, '31', 6, 0, 1),
(487, '31', 7, 0, 1),
(488, '31', 8, 0, 1),
(489, '31', 9, 0, 1),
(490, '31', 10, 0, 1),
(491, '31', 11, 0, 1),
(492, '31', 12, 0, 1),
(493, '31', 13, 0, 1),
(494, '31', 14, 0, 1),
(495, '31', 15, 0, 1),
(496, '31', 16, 0, 1),
(497, '32', 1, 0, 1),
(498, '32', 2, 0, 1),
(499, '32', 3, 0, 1),
(500, '32', 4, 0, 1),
(501, '32', 5, 0, 1),
(502, '32', 6, 0, 1),
(503, '32', 7, 0, 1),
(504, '32', 8, 0, 1),
(505, '32', 9, 0, 1),
(506, '32', 10, 0, 1),
(507, '32', 11, 0, 1),
(508, '32', 12, 0, 1),
(509, '32', 13, 0, 1),
(510, '32', 14, 0, 1),
(511, '32', 15, 0, 1),
(512, '32', 16, 0, 1),
(513, '33', 1, 0, 1),
(514, '33', 2, 0, 1),
(515, '33', 3, 0, 1),
(516, '33', 4, 0, 1),
(517, '33', 5, 0, 1),
(518, '33', 6, 0, 1),
(519, '33', 7, 0, 1),
(520, '33', 8, 0, 1),
(521, '33', 9, 0, 1),
(522, '33', 10, 0, 1),
(523, '33', 11, 0, 1),
(524, '33', 12, 0, 1),
(525, '33', 13, 0, 1),
(526, '33', 14, 0, 1),
(527, '33', 15, 0, 1),
(528, '33', 16, 0, 1),
(529, '34', 1, 0, 1),
(530, '34', 2, 0, 1),
(531, '34', 3, 0, 1),
(532, '34', 4, 0, 1),
(533, '34', 5, 0, 1),
(534, '34', 6, 0, 1),
(535, '34', 7, 0, 1),
(536, '34', 8, 0, 1),
(537, '34', 9, 0, 1),
(538, '34', 10, 0, 1),
(539, '34', 11, 0, 1),
(540, '34', 12, 0, 1),
(541, '34', 13, 0, 1),
(542, '34', 14, 0, 1),
(543, '34', 15, 0, 1),
(544, '34', 16, 0, 1),
(545, '35', 1, 0, 1),
(546, '35', 2, 0, 1),
(547, '35', 3, 0, 1),
(548, '35', 4, 0, 1),
(549, '35', 5, 0, 1),
(550, '35', 6, 0, 1),
(551, '35', 7, 0, 1),
(552, '35', 8, 0, 1),
(553, '35', 9, 0, 1),
(554, '35', 10, 0, 1),
(555, '35', 11, 0, 1),
(556, '35', 12, 0, 1),
(557, '35', 13, 0, 1),
(558, '35', 14, 0, 1),
(559, '35', 15, 0, 1),
(560, '35', 16, 0, 1),
(561, '36', 1, 0, 1),
(562, '36', 2, 0, 1),
(563, '36', 3, 0, 1),
(564, '36', 4, 0, 1),
(565, '36', 5, 0, 1),
(566, '36', 6, 0, 1),
(567, '36', 7, 0, 1),
(568, '36', 8, 0, 1),
(569, '36', 9, 0, 1),
(570, '36', 10, 0, 1),
(571, '36', 11, 0, 1),
(572, '36', 12, 0, 1),
(573, '36', 13, 0, 1),
(574, '36', 14, 0, 1),
(575, '36', 15, 0, 1),
(576, '36', 16, 0, 1),
(577, '37', 1, 0, 1),
(578, '37', 2, 0, 1),
(579, '37', 3, 0, 1),
(580, '37', 4, 0, 1),
(581, '37', 5, 0, 1),
(582, '37', 6, 0, 1),
(583, '37', 7, 0, 1),
(584, '37', 8, 0, 1),
(585, '37', 9, 0, 1),
(586, '37', 10, 0, 1),
(587, '37', 11, 0, 1),
(588, '37', 12, 0, 1),
(589, '37', 13, 0, 1),
(590, '37', 14, 0, 1),
(591, '37', 15, 0, 1),
(592, '37', 16, 0, 1),
(593, '38', 1, 0, 1),
(594, '38', 2, 0, 1),
(595, '38', 3, 0, 1),
(596, '38', 4, 0, 1),
(597, '38', 5, 0, 1),
(598, '38', 6, 0, 1),
(599, '38', 7, 0, 1),
(600, '38', 8, 0, 1),
(601, '38', 9, 0, 1),
(602, '38', 10, 0, 1),
(603, '38', 11, 0, 1),
(604, '38', 12, 0, 1),
(605, '38', 13, 0, 1),
(606, '38', 14, 0, 1),
(607, '38', 15, 0, 1),
(608, '38', 16, 0, 1),
(609, '39', 1, 0, 1),
(610, '39', 2, 0, 1),
(611, '39', 3, 0, 1),
(612, '39', 4, 0, 1),
(613, '39', 5, 0, 1),
(614, '39', 6, 0, 1),
(615, '39', 7, 0, 1),
(616, '39', 8, 0, 1),
(617, '39', 9, 0, 1),
(618, '39', 10, 0, 1),
(619, '39', 11, 0, 1),
(620, '39', 12, 0, 1),
(621, '39', 13, 0, 1),
(622, '39', 14, 0, 1),
(623, '39', 15, 0, 1),
(624, '39', 16, 0, 1);

-- --------------------------------------------------------

--
-- Table structure for table `personnel`
--

CREATE TABLE IF NOT EXISTS `personnel` (
  `id` int(11) NOT NULL AUTO_INCREMENT,
  `emp_no` varchar(11) NOT NULL,
  `firstname` varchar(50) NOT NULL,
  `lastname` varchar(50) NOT NULL,
  `contact_num` varchar(50) NOT NULL,
  `status` int(11) NOT NULL,
  PRIMARY KEY (`id`) USING BTREE
) ENGINE=InnoDB  DEFAULT CHARSET=latin1 AUTO_INCREMENT=8 ;

--
-- Dumping data for table `personnel`
--

INSERT INTO `personnel` (`id`, `emp_no`, `firstname`, `lastname`, `contact_num`, `status`) VALUES
(1, '000', 'Arvin', 'Alinsonorin', '0977-124-5641', 1),
(2, '001', 'Geno', 'Tangpos', '0922-425-1524', 1),
(3, '002', 'Jan Jomar', 'Lim', '0999-781-1234', 1),
(4, '003', 'Josefina', 'Senining', '0997-894-5641', 1),
(5, '0005', 'John Carlo', 'Espinosa', '0995-478-8574', 1),
(6, '184', 'Dominic', 'Solis', '0917-1234567', 1),
(7, '184', 'Dominic', 'Solis', '009171234578', 0);

-- --------------------------------------------------------

--
-- Table structure for table `transfer`
--

CREATE TABLE IF NOT EXISTS `transfer` (
  `id` int(11) NOT NULL AUTO_INCREMENT,
  `transfer_id` int(11) NOT NULL,
  `to_id` int(11) NOT NULL,
  `from_id` int(11) NOT NULL,
  `asset_id` int(11) NOT NULL,
  `quantity` int(11) NOT NULL,
  `price` double NOT NULL,
  `reason` varchar(500) NOT NULL,
  `transfer_date` datetime NOT NULL,
  UNIQUE KEY `id` (`id`)
) ENGINE=InnoDB  DEFAULT CHARSET=latin1 AUTO_INCREMENT=2 ;

--
-- Dumping data for table `transfer`
--

INSERT INTO `transfer` (`id`, `transfer_id`, `to_id`, `from_id`, `asset_id`, `quantity`, `price`, `reason`, `transfer_date`) VALUES
(1, 1, 1, 6, 1, 1, 0, 'Transfer to Another Department', '2019-10-03 00:00:00');

-- --------------------------------------------------------

--
-- Table structure for table `type`
--

CREATE TABLE IF NOT EXISTS `type` (
  `id` int(11) NOT NULL,
  `type_id` int(10) NOT NULL,
  `type` varchar(100) NOT NULL,
  `description` varchar(100) NOT NULL,
  `series_no` int(11) NOT NULL,
  `status` int(11) NOT NULL,
  PRIMARY KEY (`id`)
) ENGINE=InnoDB DEFAULT CHARSET=latin1;

--
-- Dumping data for table `type`
--

INSERT INTO `type` (`id`, `type_id`, `type`, `description`, `series_no`, `status`) VALUES
(1, 0, 'Other Devices', 'Blow Torch, Manual Test Pump, Grease Gun, Laminator', 0, 1),
(2, 1, 'Light Equipment', 'Air Compressor, Concrete Vibrator, Plate Compactor, Vacuum Cleaner', 0, 1),
(3, 2, 'Grinding Tool', 'Angle Grinder, Bench Grinder', 0, 1),
(4, 3, 'Cutting Tool', 'Jigsaw, Sabre Saw, Circular Saw, Cut-off Saw', 1, 1),
(5, 4, 'Drilling Tool', 'Hammer Drill, Hand Drill, Demolition Hammer, Coring Machine', 0, 1),
(6, 5, 'Hammer Tool', 'Rotary Hammer, Chipping Gun', 1, 1),
(7, 6, 'Communication Tool', 'Sound System, Hand-held Radio, Megaphone', 0, 1),
(8, 7, 'Finishing Tool', 'Planer, Concrete Planer, Sander ', 0, 1),
(9, 8, 'Fans / Blowers', 'Blower, Blower Exhaust Fan, Industrial Fan', 0, 1),
(10, 9, 'Pressure Washer', 'Pressure Washer', 0, 1),
(11, 10, 'Pumps', 'Water Pump Assembly, Submersible Pump', 0, 1),
(12, 11, 'Welding Tool', 'Welding Machine, Inverter Welding Machine', 0, 1),
(13, 12, 'Measuring Devices', 'Digital Multimeter, Prism, Vernier Caliper, Survey Level, Level Bar, Line Laser, Surveying Tape', 0, 1),
(14, 13, 'Gripping Tool', 'Fixed Clamp, Swivel Clamp, Box Wrench, Adjustable Wrench, Pipe Wrench', 0, 1),
(15, 14, 'Mixing Tool', 'Mixer', 0, 1),
(16, 15, 'Lifting Tool', 'SK Lifting Belt, Lifting Shackle, Concrete Bucket', 0, 1);

-- --------------------------------------------------------

--
-- Table structure for table `users`
--

CREATE TABLE IF NOT EXISTS `users` (
  `id` int(11) NOT NULL AUTO_INCREMENT,
  `firstname` varchar(100) NOT NULL,
  `lastname` varchar(100) NOT NULL,
  `username` varchar(100) NOT NULL,
  `password` varchar(100) NOT NULL,
  `log_count` int(11) NOT NULL,
  `access_type` int(11) NOT NULL,
  `status` int(11) NOT NULL,
  PRIMARY KEY (`id`)
) ENGINE=InnoDB  DEFAULT CHARSET=latin1 AUTO_INCREMENT=11 ;

--
-- Dumping data for table `users`
--

INSERT INTO `users` (`id`, `firstname`, `lastname`, `username`, `password`, `log_count`, `access_type`, `status`) VALUES
(1, 'Blanca Amor', 'Jaravelo', 'blancaamor', 'e10adc3949ba59abbe56e057f20f883e', 6, 2, 1),
(2, 'Dominic', 'Eullaran', 'dominic', 'e10adc3949ba59abbe56e057f20f883e', 0, 2, 1),
(3, 'Jeffrey', 'Monilla', 'jeffrey.monilla', 'e10adc3949ba59abbe56e057f20f883e', 0, 1, 1),
(4, 'Arnie', 'Abante', 'arnie.abante', 'e10adc3949ba59abbe56e057f20f883e', 0, 1, 0),
(5, 'Elmar', 'Malazarte', 'elmar.malazarte', '055efc66524684a3534c7c81186fa9d1', 1, 3, 1),
(6, 'Jan', 'Lim', 'jan.lim', 'e10adc3949ba59abbe56e057f20f883e', 2, 1, 0),
(7, 'Mona Joyce', 'Huan', 'mona.huan', 'e10adc3949ba59abbe56e057f20f883e', 1, 1, 1),
(8, 'Arvin', 'Alinsolorin', 'arvin.alinsolorin', 'e10adc3949ba59abbe56e057f20f883e', 6, 3, 1),
(9, 'Carlo', 'Espinosa', 'carlo.espinosa', 'e10adc3949ba59abbe56e057f20f883e', 0, 1, 0),
(10, 'Jade', 'Mondaga', 'jade.mondaga', 'e10adc3949ba59abbe56e057f20f883e', 3, 1, 1);

-- --------------------------------------------------------

--
-- Table structure for table `worker`
--

CREATE TABLE IF NOT EXISTS `worker` (
  `id` int(11) NOT NULL AUTO_INCREMENT,
  `worker_id` varchar(20) NOT NULL,
  `fullname` varchar(50) NOT NULL,
  `address` varchar(30) NOT NULL,
  `trade` int(11) NOT NULL,
  `project` int(11) NOT NULL,
  `status` int(11) NOT NULL,
  PRIMARY KEY (`id`)
) ENGINE=MyISAM  DEFAULT CHARSET=latin1 AUTO_INCREMENT=9 ;

--
-- Dumping data for table `worker`
--

INSERT INTO `worker` (`id`, `worker_id`, `fullname`, `address`, `trade`, `project`, `status`) VALUES
(1, '12003-25', 'John Carlo Espinosa', 'Cabancalan, Mandaue City Cebu', 1, 4, 1),
(2, '12003-26', 'Janice Ejercit', 'Cebu City', 4, 5, 1),
(3, '12003-27', 'Jeffrey Monilla', 'Cebu City', 3, 6, 1),
(4, '12003-28', 'Geno Tangpos', 'Dalaguete Cebu', 2, 7, 1),
(5, '12003-25', 'John Carlo Espinosa', 'Cabancalan, Mandaue City Cebu', 1, 4, 1),
(6, '12003-26', 'Janice Ejercit', 'Cebu City', 4, 5, 1),
(7, '12003-27', 'Jeffrey Monilla', 'Cebu City', 3, 6, 1),
(8, '12003-28', 'Geno Tangpos', 'Dalaguete Cebu', 2, 7, 1);

/*!40101 SET CHARACTER_SET_CLIENT=@OLD_CHARACTER_SET_CLIENT */;
/*!40101 SET CHARACTER_SET_RESULTS=@OLD_CHARACTER_SET_RESULTS */;
/*!40101 SET COLLATION_CONNECTION=@OLD_COLLATION_CONNECTION */;
